Kostas Papadopoulos,123456789K,698-302-7441,ADMIN
Giolena Kokorou,9pTCAfzY,696-969-6969,EMPLOYEE
Giorgia Barg,9hFEnygp,684-802-5832,EMPLOYEE
Monique Bolton,fZN7Wvze,415-523-5251,GUEST
Lynnette Songest,e8TMGWsS,309-924-7995,GUEST
Bibi Worwood,xL8eHGkY,699-264-1459,EMPLOYEE
Nonna Shilstone,j86jvyaA,896-150-2450,EMPLOYEE
Jacky Sisland,N6q2Kzvn,749-329-3066,EMPLOYEE
Bertina Gosnoll,pv4KdPw5,473-397-9816,CUSTOMER
Hally Amoss,LpCLSxk9,941-532-8048,CUSTOMER
Debby Fieller,Bnq7TsWQ,321-859-8858,CUSTOMER
Fanchon Chooter,veQ9F7cM,646-643-3378,GUEST
Dori Smitheman,ejqHRC5B,815-603-7754,CUSTOMER
Sib Maving,S7zCdthC,128-797-2621,CUSTOMER
Isabella Tregonna,bh2qrwHJ,533-369-3559,GUEST
Thekla Diament,xuZpFT3f,218-460-9384,CUSTOMER
Jane Gabby,PBRm6bpn,112-834-5850,EMPLOYEE
Keeley Wellen,ZN2aPTH7,818-751-2567,CUSTOMER
Shoshana Delieu,56v6mDZq,202-541-1232,CUSTOMER
Miran Compston,yzr97gfH,267-268-0196,EMPLOYEE
Robbyn McMeekin,D3TnCUw8,467-131-2706,CUSTOMER
Giovanna Girod,BRv7sEmz,691-661-5772,GUEST
Bethanne Lathom,57JxmydE,661-300-0182,CUSTOMER
Livvyy Guido,2Qew7Gfa,465-189-5956,EMPLOYEE
Rivkah Summerley,bySgyV4J,907-322-4126,EMPLOYEE
Yoshi Webb-Bowen,sqL6E5rz,141-914-5069,CUSTOMER
Belia Kaygill,PJEwS8m9,476-990-1378,CUSTOMER
Arielle De Pietri,xJ7H7b97,809-945-5794,EMPLOYEE
Roxanne Cossam,Dm7QmDcW,668-301-2445,EMPLOYEE
Mimi Voelker,rAKACR3w,199-804-5619,GUEST
Belvia Wanklyn,QG6NqjCv,760-749-4066,EMPLOYEE
Nell Petyanin,2tTksgfU,881-576-2171,GUEST
Chiarra Robshaw,3BuYR4kz,267-129-0882,GUEST
Mollee Amphlett,ZV8huQuS,893-996-8539,CUSTOMER
Ilyse Aimson,sghudH8R,633-422-6872,GUEST
Arden Bolens,3QpxGHDv,294-198-0380,GUEST
Gabi Pulford,hPutEg95,700-865-3149,GUEST
Kalli Ibbeson,vw5KkPnN,573-456-5843,EMPLOYEE
Katha Duncklee,Sr7RMmDr,224-766-7925,CUSTOMER
Pearla Court,r9Xs8QjX,144-291-6954,GUEST
